composition,slope,intercept
Zr50Cu50,0.0002090745818247333,12.038527759398429
