composition,temperature,cube_length,cube_length_error,pressure_error
Zr50Cu50,200.0,12.06484143753821,0.30758923734938826,96968.23968887562
Zr50Cu50,2000.0,12.438831472317878,0.11659000406014641,16931.553407035346
