composition,temperature,cube_length,cube_length_error,pressure_error
Zr50Cu50,200.0,12.080342675763374,0.0398314448358974,8780.657392167675
Zr50Cu50,2000.0,12.456676923047894,0.12881797771272474,19772.851231138244
